INSERT INTO users
    (email, hash_password, name, handle, profile_img_url, bio, is_profile_complete, is_deleted, deleted_at, created_at, updated_at)
VALUES
    ('john.doe@email.com', '$2b$13$hashedpass1', 'John Doe', '@johndoe123', '', 'Just a guy who loves memes', TRUE, FALSE, NULL, '2025-01-15 10:00:00', '2025-01-15 10:00:00'),
    ('sarah.kim@email.com', '$2b$13$hashedpass2', 'Sarah Kim', '@sarahk88', '', 'Coffee addict and cat mom', TRUE, FALSE, NULL, '2025-01-16 09:30:00', '2025-01-16 09:30:00'),
    ('mike.wilson@email.com', '$2b$13$hashedpass3', 'Mike Wilson', '@mikeyw', '', '', FALSE, FALSE, NULL, '2025-01-17 14:20:00', '2025-01-17 14:20:00'),
    ('lisa.parker@email.com', '$2b$13$hashedpass4', 'Lisa Parker', '@lisap', '', 'Living for the weekend', TRUE, TRUE, '2025-02-20 12:00:00', '2025-01-18 11:00:00', '2025-02-20 12:00:00'),
    ('tom.lee@email.com', '$2b$13$hashedpass5', 'Tom Lee', '@tomlee99', '', 'Gamer and pizza enthusiast', TRUE, FALSE, NULL, '2025-01-19 08:45:00', '2025-01-19 08:45:00'),
    ('emily.jones@email.com', '$2b$13$hashedpass6', 'Emily Jones', '@emilyj', '', 'Bookworm and tea lover', TRUE, FALSE, NULL, '2025-01-20 13:00:00', '2025-01-20 13:00:00'),
    ('alex.brown@email.com', '$2b$13$hashedpass7', 'Alex Brown', '@alexb77', '', 'Aspiring chef', TRUE, FALSE, NULL, '2025-01-21 15:00:00', '2025-01-21 15:00:00'),
    ('chris.evans@email.com', '$2b$13$hashedpass8', 'Chris Evans', '@chrisev', '', 'Not the superhero one', TRUE, FALSE, NULL, '2025-01-22 09:30:00', '2025-01-22 09:30:00'),
    ('anna.smith@email.com', '$2b$13$hashedpass9', 'Anna Smith', '@annasmith22', '', 'Dog mom and proud', TRUE, FALSE, NULL, '2025-01-23 11:00:00', '2025-01-23 11:00:00'),
    ('david.park@email.com', '$2b$13$hashedpass10', 'David Park', '@davidp', '', 'Skateboarder by day', TRUE, FALSE, NULL, '2025-01-24 14:00:00', '2025-01-24 14:00:00'),
    ('julia.kim@email.com', '$2b$13$hashedpass11', 'Julia Kim', '@juliak', '', '', FALSE, FALSE, NULL, '2025-01-25 10:00:00', '2025-01-25 10:00:00'),
    ('peter.nguyen@email.com', '$2b$13$hashedpass12', 'Peter Nguyen', '@petern', '', 'Tech geek', TRUE, FALSE, NULL, '2025-01-26 12:00:00', '2025-01-26 12:00:00'),
    ('katie.lee@email.com', '$2b$13$hashedpass13', 'Katie Lee', '@katielee', '', 'Plant lady', TRUE, FALSE, NULL, '2025-01-27 08:00:00', '2025-01-27 08:00:00'),
    ('ryan.white@email.com', '$2b$13$hashedpass14', 'Ryan White', '@ryanw', '', 'Fitness junkie', TRUE, FALSE, NULL, '2025-01-28 15:00:00', '2025-01-28 15:00:00'),
    ('sophia.chen@email.com', '$2b$13$hashedpass15', 'Sophia Chen', '@sophiac', '', 'Art and coffee', TRUE, FALSE, NULL, '2025-01-29 09:00:00', '2025-01-29 09:00:00'),
    ('matt.johnson@email.com', '$2b$13$hashedpass16', 'Matt Johnson', '@mattj88', '', '', FALSE, FALSE, NULL, '2025-01-30 11:30:00', '2025-01-30 11:30:00'),
    ('olivia.taylor@email.com', '$2b$13$hashedpass17', 'Olivia Taylor', '@oliviat', '', 'Travel addict', TRUE, FALSE, NULL, '2025-01-31 13:00:00', '2025-01-31 13:00:00'),
    ('sam.choi@email.com', '$2b$13$hashedpass18', 'Sam Choi', '@samchoi', '', 'Foodie', TRUE, FALSE, NULL, '2025-02-01 10:00:00', '2025-02-01 10:00:00'),
    ('nina.gupta@email.com', '$2b$13$hashedpass19', 'Nina Gupta', '@ninag', '', 'Yoga and chill', TRUE, FALSE, NULL, '2025-02-02 12:00:00', '2025-02-02 12:00:00'),
    ('ben.wong@email.com', '$2b$13$hashedpass20', 'Ben Wong', '@benwong', '', 'Movie buff', TRUE, FALSE, NULL, '2025-02-03 14:00:00', '2025-02-03 14:00:00'),
    ('elon.musk@email.com', '$2b$13$hashedpass21', 'Elon Musk', '@elonmusk', 'https://example.com/elon.jpg', 'Mars or bust!', TRUE, FALSE, NULL, '2025-02-04 09:00:00', '2025-02-04 09:00:00'),
    ('taylor.swift@email.com', '$2b$13$hashedpass22', 'Taylor Swift', '@taylorswift13', 'https://example.com/taylor.jpg', 'Writing songs and breaking hearts', TRUE, FALSE, NULL, '2025-02-05 11:00:00', '2025-02-05 11:00:00'),
    ('lebron.james@email.com', '$2b$13$hashedpass23', 'LeBron James', '@kingjames', 'https://example.com/lebron.jpg', 'Just a kid from Akron', TRUE, FALSE, NULL, '2025-02-06 13:00:00', '2025-02-06 13:00:00'),
    ('beyonce.knowles@email.com', '$2b$13$hashedpass24', 'Beyoncé', '@beyonce', 'https://example.com/beyonce.jpg', 'Queen B', TRUE, FALSE, NULL, '2025-02-07 15:00:00', '2025-02-07 15:00:00'),
    ('andrew.ng@email.com', '$2b$13$hashedpass25', 'Andrew Ng', '@andrewng', 'https://example.com/andrew.jpg', 'AI for everyone', TRUE, FALSE, NULL, '2025-02-08 10:00:00', '2025-02-08 10:00:00'),
    ('billie.eilish@email.com', '$2b$13$hashedpass26', 'Billie Eilish', '@billieeilish', 'https://example.com/billie.jpg', 'Bad guy vibes', TRUE, FALSE, NULL, '2025-02-09 12:00:00', '2025-02-09 12:00:00'),
    ('cristiano.ronaldo@email.com', '$2b$13$hashedpass27', 'Cristiano Ronaldo', '@cristiano', 'https://example.com/ronaldo.jpg', 'Football is life', TRUE, FALSE, NULL, '2025-02-10 14:00:00', '2025-02-10 14:00:00'),
    ('ariana.grande@email.com', '$2b$13$hashedpass28', 'Ariana Grande', '@arianagrande', 'https://example.com/ariana.jpg', 'Thank u, next', TRUE, FALSE, NULL, '2025-02-11 16:00:00', '2025-02-11 16:00:00'),
    ('dwayne.johnson@email.com', '$2b$13$hashedpass29', 'Dwayne Johnson', '@therock', 'https://example.com/rock.jpg', 'Can you smell what The Rock is cooking?', TRUE, FALSE, NULL, '2025-02-12 09:00:00', '2025-02-12 09:00:00'),
    ('zendaya.coleman@email.com', '$2b$13$hashedpass30', 'Zendaya', '@zendaya', 'https://example.com/zendaya.jpg', 'Actress and dreamer', TRUE, FALSE, NULL, '2025-02-13 11:00:00', '2025-02-13 11:00:00');

INSERT INTO thread
    (user_id, title, content, parent_thread, is_deleted, deleted_at, created_at, updated_at)
VALUES
    (1, 'Why do programmers prefer dark mode?', 'Because the light attracts bugs lol', NULL, FALSE, NULL, '2025-02-01 10:00:00', '2025-02-01 10:00:00'),
    (1, 'This code is sucks! Who wrote this?', 'When you realise its your own code', NULL, FALSE, NULL, '2025-02-01 10:00:00', '2025-02-01 10:00:00'),
    (2, 'My cat just stole my sandwich', 'I’m officially living with a criminal now', NULL, FALSE, NULL, '2025-02-02 14:30:00', '2025-02-02 14:30:00'),
    (3, 'Burned my toast again', 'Guess I’m a chef now', NULL, FALSE, NULL, '2025-02-03 09:00:00', '2025-02-03 09:00:00'),
    (4, 'Deleted this out of shame', 'Tried dancing, fell on my face', NULL, TRUE, '2025-02-10 11:00:00', '2025-02-04 12:00:00', '2025-02-10 11:00:00'),
    (5, 'Pizza is life', 'Fight me if you disagree', NULL, FALSE, NULL, '2025-02-05 15:00:00', '2025-02-05 15:00:00'),
    (6, 'Tesla’s new update', 'Car now smarter than me', NULL, FALSE, NULL, '2025-02-06 09:15:00', '2025-02-06 09:15:00'),
    (7, 'New album soon', 'Swifties, get ready!', NULL, FALSE, NULL, '2025-02-07 16:00:00', '2025-02-07 16:00:00'),
    (8, 'Singing in the shower', 'Neighbors hate me now', NULL, FALSE, NULL, '2025-02-08 10:00:00', '2025-02-08 10:00:00'),
    (9, 'Dog vs vacuum cleaner', 'Spoiler: vacuum won', NULL, FALSE, NULL, '2025-02-09 12:00:00', '2025-02-09 12:00:00'),
    (10, 'Skateboarding fail', 'I’m too old for this', NULL, FALSE, NULL, '2025-02-10 14:00:00', '2025-02-10 14:00:00'),
    (11, 'Forgot my lines', 'Audition went great...', NULL, TRUE, '2025-02-15 09:00:00', '2025-02-11 11:00:00', '2025-02-15 09:00:00'),
    (12, 'Code broke again', 'Time to cry', NULL, FALSE, NULL, '2025-02-12 13:00:00', '2025-02-12 13:00:00'),
    (13, 'Planted a cactus', 'It’s already mad at me', NULL, FALSE, NULL, '2025-02-13 15:00:00', '2025-02-13 15:00:00'),
    (14, 'Gym day 1', 'I lifted... a water bottle', NULL, FALSE, NULL, '2025-02-14 09:00:00', '2025-02-14 09:00:00'),
    (15, 'Painted my room', 'Now it’s a mess', NULL, FALSE, NULL, '2025-02-15 11:00:00', '2025-02-15 11:00:00'),
    (16, 'Netflix marathon', 'No regrets', NULL, FALSE, NULL, '2025-02-16 12:00:00', '2025-02-16 12:00:00'),
    (17, 'Tried sushi', 'I’m still hungry', NULL, FALSE, NULL, '2025-02-17 14:00:00', '2025-02-17 14:00:00'),
    (18, 'Lost my keys', 'Living the dream', NULL, FALSE, NULL, '2025-02-18 10:00:00', '2025-02-18 10:00:00'),
    (19, 'Yoga fail', 'I’m a pretzel now', NULL, FALSE, NULL, '2025-02-19 12:00:00', '2025-02-19 12:00:00'),
    (20, 'Movie night', 'Popcorn > plot', NULL, FALSE, NULL, '2025-02-20 15:00:00', '2025-02-20 15:00:00'),
    (21, 'Mars update', 'Still working on it', NULL, FALSE, NULL, '2025-02-21 09:00:00', '2025-02-21 09:00:00'),
    (22, 'Tour dates soon', 'Guess where?', NULL, FALSE, NULL, '2025-02-22 11:00:00', '2025-02-22 11:00:00'),
    (23, 'Dunked on someone', 'Felt good', NULL, FALSE, NULL, '2025-02-23 13:00:00', '2025-02-23 13:00:00'),
    (24, 'New single out', 'Who’s listening?', NULL, FALSE, NULL, '2025-02-23 15:00:00', '2025-02-23 15:00:00'),
    (25, 'AI breakthrough', 'Future is now', NULL, FALSE, NULL, '2025-02-23 09:00:00', '2025-02-23 09:00:00'),
    (26, 'New video vibes', 'Check it out', NULL, FALSE, NULL, '2025-02-23 10:00:00', '2025-02-23 10:00:00'),
    (27, 'Goal scored', 'Still got it', NULL, FALSE, NULL, '2025-02-23 11:00:00', '2025-02-23 11:00:00'),
    (28, 'Live soon', 'Tune in', NULL, FALSE, NULL, '2025-02-23 12:00:00', '2025-02-23 12:00:00'),
    (29, 'Workout update', 'Pancakes > weights', NULL, FALSE, NULL, '2025-02-23 13:00:00', '2025-02-23 13:00:00'),
    (30, 'New role', 'Filming starts soon', NULL, FALSE, NULL, '2025-02-23 14:00:00', '2025-02-23 14:00:00'),
    (2, NULL, 'Underrated joke!', 1, FALSE, NULL, '2025-02-01 10:05:00', '2025-02-01 10:05:00'),
    (3, NULL, 'I code in bright pink', 1, FALSE, NULL, '2025-02-01 10:10:00', '2025-02-01 10:10:00'),
    (4, NULL, 'Cat police incoming', 2, FALSE, NULL, '2025-02-02 14:35:00', '2025-02-02 14:35:00'),
    (5, NULL, 'Mine steals socks', 2, FALSE, NULL, '2025-02-02 14:40:00', '2025-02-02 14:40:00'),
    (6, NULL, 'Toast chef award', 3, FALSE, NULL, '2025-02-03 09:05:00', '2025-02-03 09:05:00'),
    (7, NULL, 'Pizza is king', 5, FALSE, NULL, '2025-02-05 15:05:00', '2025-02-05 15:05:00'),
    (8, NULL, 'Better than me too', 6, FALSE, NULL, '2025-02-06 09:20:00', '2025-02-06 09:20:00'),
    (9, NULL, 'Can’t wait!', 7, FALSE, NULL, '2025-02-07 16:05:00', '2025-02-07 16:05:00'),
    (10, NULL, 'Earplugs for them', 8, FALSE, NULL, '2025-02-08 10:05:00', '2025-02-08 10:05:00'),
    (11, NULL, 'Ouch, relatable', 10, FALSE, NULL, '2025-02-10 14:05:00', '2025-02-10 14:05:00'),
    (12, NULL, 'Same, bro', 12, FALSE, NULL, '2025-02-12 13:05:00', '2025-02-12 13:05:00'),
    (13, NULL, 'Cactus hates water', 13, FALSE, NULL, '2025-02-13 15:05:00', '2025-02-13 15:05:00'),
    (14, NULL, 'Hydration win', 14, FALSE, NULL, '2025-02-14 09:05:00', '2025-02-14 09:05:00'),
    (15, NULL, 'Artistic mess', 15, FALSE, NULL, '2025-02-15 11:05:00', '2025-02-15 11:05:00'),
    (16, NULL, 'Binge life', 16, FALSE, NULL, '2025-02-16 12:05:00', '2025-02-16 12:05:00'),
    (17, NULL, 'Sushi scam', 17, FALSE, NULL, '2025-02-17 14:05:00', '2025-02-17 14:05:00'),
    (18, NULL, 'Check the couch', 18, FALSE, NULL, '2025-02-18 10:05:00', '2025-02-18 10:05:00'),
    (19, NULL, 'Yoga win', 19, FALSE, NULL, '2025-02-19 12:05:00', '2025-02-19 12:05:00'),
    (20, NULL, 'Popcorn MVP', 20, FALSE, NULL, '2025-02-20 15:05:00', '2025-02-20 15:05:00'),
    (21, NULL, 'Mars soon?', 21, FALSE, NULL, '2025-02-21 09:05:00', '2025-02-21 09:05:00'),
    (22, NULL, 'NYC please!', 22, FALSE, NULL, '2025-02-22 11:05:00', '2025-02-22 11:05:00'),
    (23, NULL, 'Video or it didn’t happen', 23, FALSE, NULL, '2025-02-23 13:05:00', '2025-02-23 13:05:00'),
    (24, NULL, 'Me!', 24, FALSE, NULL, '2025-02-23 15:05:00', '2025-02-23 15:05:00'),
    (25, NULL, 'Mind blown', 25, FALSE, NULL, '2025-02-23 09:05:00', '2025-02-23 09:05:00'),
    (26, NULL, 'Link?', 26, FALSE, NULL, '2025-02-23 10:05:00', '2025-02-23 10:05:00'),
    (27, NULL, 'GOAT', 27, FALSE, NULL, '2025-02-23 11:05:00', '2025-02-23 11:05:00'),
    (28, NULL, 'Time?', 28, FALSE, NULL, '2025-02-23 12:05:00', '2025-02-23 12:05:00'),
    (29, NULL, 'Pancake champ', 29, FALSE, NULL, '2025-02-23 13:05:00', '2025-02-23 13:05:00'),
    (30, NULL, 'Can’t wait', 30, FALSE, NULL, '2025-02-23 14:05:00', '2025-02-23 14:05:00'),
    (1, NULL, 'This was bad', 5, TRUE, '2025-02-23 15:00:00', '2025-02-05 15:10:00', '2025-02-23 15:00:00'),
    (4, NULL, 'Pink coder unite', 32, FALSE, NULL, '2025-02-01 10:15:00', '2025-02-01 10:15:00'),
    (5, NULL, 'Arrest that cat!', 33, FALSE, NULL, '2025-02-02 14:45:00', '2025-02-02 14:45:00'),
    (6, NULL, 'Socks thief too', 34, FALSE, NULL, '2025-02-02 14:50:00', '2025-02-02 14:50:00'),
    (7, NULL, 'Burnt toast club', 35, FALSE, NULL, '2025-02-03 09:10:00', '2025-02-03 09:10:00'),
    (8, NULL, 'Pineapple pizza?', 36, FALSE, NULL, '2025-02-05 15:10:00', '2025-02-05 15:10:00'),
    (9, NULL, 'Tesla takeover', 37, FALSE, NULL, '2025-02-06 09:25:00', '2025-02-06 09:25:00'),
    (10, NULL, 'Swiftie here', 38, FALSE, NULL, '2025-02-07 16:10:00', '2025-02-07 16:10:00'),
    (11, NULL, 'Shower karaoke', 39, FALSE, NULL, '2025-02-08 10:10:00', '2025-02-08 10:10:00'),
    (12, NULL, 'Cactus therapy', 42, FALSE, NULL, '2025-02-13 15:10:00', '2025-02-13 15:10:00'),
    (13, NULL, 'Binge pro', 45, FALSE, NULL, '2025-02-16 12:10:00', '2025-02-16 12:10:00');

INSERT INTO upvotes
    (user_id, thread_id, reaction, created_at)
VALUES
    (2, 1, 'UP', '2025-02-01 10:02:00'), (3, 1, 'UP', '2025-02-01 10:03:00'), (4, 1, 'UP', '2025-02-01 10:04:00'),
    (5, 1, 'DOWN', '2025-02-01 10:05:00'), (6, 1, 'DOWN', '2025-02-01 10:06:00'),
    (7, 2, 'UP', '2025-02-02 14:32:00'), (8, 2, 'UP', '2025-02-02 14:33:00'), (9, 2, 'UP', '2025-02-02 14:34:00'),
    (10, 2, 'DOWN', '2025-02-02 14:35:00'),
    (11, 3, 'DOWN', '2025-02-03 09:02:00'), (12, 3, 'DOWN', '2025-02-03 09:03:00'), (13, 3, 'DOWN', '2025-02-03 09:04:00'),
    (14, 3, 'UP', '2025-02-03 09:05:00'),
    (15, 4, 'DOWN', '2025-02-04 12:02:00'), (16, 4, 'DOWN', '2025-02-04 12:03:00'), (17, 4, 'DOWN', '2025-02-04 12:04:00'),
    (18, 5, 'UP', '2025-02-05 15:02:00'), (19, 5, 'UP', '2025-02-05 15:03:00'), (20, 5, 'UP', '2025-02-05 15:04:00'),
    (1, 5, 'UP', '2025-02-05 15:05:00'), (2, 5, 'DOWN', '2025-02-05 15:06:00'),
    (3, 6, 'UP', '2025-02-06 09:16:00'), (4, 6, 'UP', '2025-02-06 09:17:00'), (5, 6, 'UP', '2025-02-06 09:18:00'),
    (6, 6, 'UP', '2025-02-06 09:19:00'), (7, 6, 'UP', '2025-02-06 09:20:00'),
    (8, 7, 'UP', '2025-02-07 16:02:00'), (9, 7, 'UP', '2025-02-07 16:03:00'), (10, 7, 'UP', '2025-02-07 16:04:00'),
    (11, 7, 'UP', '2025-02-07 16:05:00'), (12, 7, 'UP', '2025-02-07 16:06:00'), (13, 7, 'UP', '2025-02-07 16:07:00'),
    (14, 8, 'DOWN', '2025-02-08 10:02:00'), (15, 8, 'DOWN', '2025-02-08 10:03:00'), (16, 8, 'UP', '2025-02-08 10:04:00'),
    (17, 9, 'UP', '2025-02-09 12:02:00'), (18, 9, 'UP', '2025-02-09 12:03:00'), (19, 9, 'DOWN', '2025-02-09 12:04:00'),
    (20, 10, 'DOWN', '2025-02-10 14:02:00'), (1, 10, 'DOWN', '2025-02-10 14:03:00'), (2, 10, 'UP', '2025-02-10 14:04:00'),
    (3, 11, 'DOWN', '2025-02-11 11:02:00'), (4, 11, 'DOWN', '2025-02-11 11:03:00'), (5, 11, 'UP', '2025-02-11 11:04:00'),
    (6, 12, 'UP', '2025-02-12 13:02:00'), (7, 12, 'DOWN', '2025-02-12 13:03:00'),
    (8, 13, 'UP', '2025-02-13 15:02:00'), (9, 13, 'DOWN', '2025-02-13 15:03:00'),
    (10, 14, 'DOWN', '2025-02-14 09:02:00'), (11, 14, 'DOWN', '2025-02-14 09:03:00'), (12, 14, 'DOWN', '2025-02-14 09:04:00'),
    (13, 15, 'UP', '2025-02-15 11:02:00'), (14, 15, 'UP', '2025-02-15 11:03:00'), (15, 15, 'DOWN', '2025-02-15 11:04:00'),
    (16, 16, 'UP', '2025-02-16 12:02:00'), (17, 16, 'UP', '2025-02-16 12:03:00'), (18, 16, 'UP', '2025-02-16 12:04:00'),
    (19, 16, 'UP', '2025-02-16 12:05:00'),
    (20, 17, 'DOWN', '2025-02-17 14:02:00'), (1, 17, 'DOWN', '2025-02-17 14:03:00'), (2, 17, 'UP', '2025-02-17 14:04:00'),
    (3, 18, 'UP', '2025-02-18 10:02:00'), (4, 18, 'DOWN', '2025-02-18 10:03:00'),
    (5, 19, 'DOWN', '2025-02-19 12:02:00'), (6, 19, 'DOWN', '2025-02-19 12:03:00'), (7, 19, 'UP', '2025-02-19 12:04:00'),
    (8, 20, 'UP', '2025-02-20 15:02:00'), (9, 20, 'UP', '2025-02-20 15:03:00'), (10, 20, 'UP', '2025-02-20 15:04:00'),
    (11, 21, 'UP', '2025-02-21 09:02:00'), (12, 22, 'UP', '2025-02-22 11:02:00'), (13, 23, 'UP', '2025-02-23 13:02:00'),
    (14, 24, 'UP', '2025-02-23 15:02:00'), (15, 25, 'UP', '2025-02-23 09:02:00'), (16, 26, 'DOWN', '2025-02-23 10:02:00'),
    (17, 27, 'UP', '2025-02-23 11:02:00'), (18, 28, 'UP', '2025-02-23 12:02:00'), (19, 29, 'DOWN', '2025-02-23 13:02:00'),
    (20, 30, 'UP', '2025-02-23 14:02:00'),
    (1, 31, 'UP', '2025-02-01 10:07:00'), (2, 32, 'DOWN', '2025-02-01 10:16:00'), (3, 33, 'UP', '2025-02-02 14:36:00'),
    (4, 34, 'DOWN', '2025-02-02 14:41:00'), (5, 35, 'UP', '2025-02-03 09:06:00'), (6, 36, 'DOWN', '2025-02-05 15:11:00'),
    (7, 37, 'UP', '2025-02-06 09:26:00'), (8, 38, 'UP', '2025-02-07 16:11:00'), (9, 39, 'DOWN', '2025-02-08 10:11:00'),
    (10, 40, 'UP', '2025-02-13 15:11:00');

INSERT INTO views
    (thread_id, view_count)
VALUES
    (1, 200), (2, 150), (3, 80), (4, 10), (5, 300), (6, 250), (7, 500), (8, 90), (9, 120), (10, 100),
    (11, 5), (12, 70), (13, 60), (14, 50), (15, 80), (16, 200), (17, 40), (18, 90), (19, 70), (20, 150),
    (21, 300), (22, 400), (23, 250), (24, 350), (25, 200), (26, 180), (27, 220), (28, 160), (29, 130), (30, 140),
    (31, 50), (32, 40), (33, 60), (34, 55), (35, 30), (36, 70), (37, 90), (38, 100), (39, 45), (40, 65),
    (41, 35), (42, 25), (43, 20), (44, 15), (45, 60), (46, 80), (47, 90), (48, 110), (49, 120), (50, 130),
    (51, 140), (52, 150), (53, 160), (54, 170), (55, 180), (56, 190), (57, 200), (58, 210), (59, 220), (60, 230),
    (61, 240), (62, 250), (63, 260), (64, 270), (65, 280), (66, 290), (67, 300), (68, 310), (69, 320), (70, 25);

INSERT INTO follow (user_id, follower_id, created_at) VALUES
(21, 1, '2025-02-01 10:05:00'),
(21, 2, '2025-02-01 11:00:00'),
(21, 3, '2025-02-02 09:30:00'),
(22, 4, '2025-02-02 12:00:00'),
(22, 5, '2025-02-03 14:00:00'),
(22, 6, '2025-02-03 15:00:00'),
(23, 7, '2025-02-04 09:00:00'),
(23, 8, '2025-02-04 10:00:00'),
(24, 9, '2025-02-05 11:00:00'),
(24, 10, '2025-02-05 12:00:00'),
(25, 11, '2025-02-06 13:00:00'),
(25, 12, '2025-02-06 14:00:00'),
(26, 13, '2025-02-07 15:00:00'),
(26, 14, '2025-02-07 16:00:00'),
(27, 15, '2025-02-08 09:00:00'),
(27, 16, '2025-02-08 10:00:00'),
(28, 17, '2025-02-09 11:00:00'),
(28, 18, '2025-02-09 12:00:00'),
(29, 19, '2025-02-10 13:00:00'),
(29, 20, '2025-02-10 14:00:00'),
(30, 1, '2025-02-11 15:00:00'),
(30, 2, '2025-02-11 16:00:00'),
(1, 2, '2025-02-01 10:10:00'),
(2, 1, '2025-02-01 10:15:00'),
(3, 4, '2025-02-02 09:35:00'),
(4, 3, '2025-02-02 09:40:00'),
(5, 6, '2025-02-03 14:05:00'),
(6, 5, '2025-02-03 14:10:00'),
(7, 8, '2025-02-04 09:05:00'),
(8, 7, '2025-02-04 09:10:00'),
(9, 10, '2025-02-05 11:05:00'),
(10, 9, '2025-02-05 11:10:00'),
(11, 12, '2025-02-06 13:05:00'),
(12, 11, '2025-02-06 13:10:00'),
(13, 1, '2025-02-07 15:05:00'),
(14, 2, '2025-02-07 16:05:00'),
(15, 3, '2025-02-08 09:05:00'),
(16, 4, '2025-02-08 10:05:00'),
(17, 5, '2025-02-09 11:05:00'),
(18, 6, '2025-02-09 12:05:00'),
(21, 25, '2025-02-12 09:00:00'),
(25, 21, '2025-02-12 09:05:00'),
(22, 24, '2025-02-12 10:00:00'),
(24, 22, '2025-02-12 10:05:00'),
(23, 27, '2025-02-12 11:00:00'),
(27, 23, '2025-02-12 11:05:00'),
(26, 28, '2025-02-12 12:00:00'),
(28, 26, '2025-02-12 12:05:00'),
(21, 12, '2025-02-13 13:00:00'),
(22, 13, '2025-02-13 14:00:00'),
(29, 19, '2025-02-13 15:00:00'),
(21, 7, '2025-02-14 09:00:00'),  
(22, 8, '2025-02-14 10:00:00'),  
(23, 9, '2025-02-14 11:00:00'),  
(24, 11, '2025-02-14 12:00:00'), 
(25, 13, '2025-02-14 13:00:00'), 
(26, 15, '2025-02-14 14:00:00'), 
(27, 17, '2025-02-14 15:00:00'), 
(28, 19, '2025-02-14 16:00:00'), 
(29, 1, '2025-02-15 09:00:00'),  
(30, 3, '2025-02-15 10:00:00'),  
(15, 16, '2025-02-15 11:00:00'), 
(16, 15, '2025-02-15 11:05:00'),
(17, 18, '2025-02-15 12:00:00'), 
(17, 20, '2025-02-15 13:00:00');

INSERT INTO users
    (email, hash_password, name, handle, profile_img_url, bio, is_profile_complete, is_deleted, deleted_at, created_at, updated_at)
VALUES
    (
        'test.user.1@email.com',
        '$2b$13$sr2Dy2lVImHjrTJwwIGrX.rCnsEyYAhy.MTAFw7zWBzAnAo24Z24C',
        NULL,
        NULL,
        NULL,
        NULL,
        FALSE,
        FALSE,
        NULL,
        '2025-02-08 13:13:34',
        '2025-02-08 13:13:34'
    );